{
  "extends": "tslint:recommended",
  "rules": {
    "array-type": [true, "array-simple"],
    "class-name": true,
    "comment-format": [
      true,
      "check-space"
    ],
    "indent": [
      true,
      "spaces",
      2
    ],
    "one-line": true,
    "no-var-keyword": true,
    "quotemark": [
      true,
      "single",
      "avoid-escape"
    ],
    "semicolon": [
      true,
      "always"
    ],
    "no-internal-module": true,
    "no-trailing-whitespace": true,
    "no-null-keyword": true,
    "prefer-const": true,
    "jsdoc-format": true,
    "no-unused-variable": true,
    "no-switch-case-fall-through": true,
    "ordered-imports": false,
    "member-access": false,
    "max-classes-per-file": false,
    "interface-name": false,
    "trailing-comma": [
      true,
      {
        "multiline": "never",
        "singleline": "never"
      }
    ],
    "object-literal-sort-keys": false,
    "member-ordering": false,
    "max-line-length": [
      true,
      160
    ],
    "no-console": false
  }
}