<assembly>
    <id>bundle</id>
    <formats>
        <format>jar</format>
    </formats>
    <includeBaseDirectory>false</includeBaseDirectory>
    <dependencySets>
        <dependencySet>
            <outputDirectory/>
            <unpack>true</unpack>
            <includes>
                <include>${groupId}:${artifactId}</include>
                <include>innowake.release.ndt.cobolparser:ndt-cobolparser</include>
                <include>innowake.release.ndt.core:ndt-core</include>
                <include>innowake.release.lib.core:lib-core</include>
                <include>innowake.release.lib.util:lib-util</include>
                <include>innowake.release.lib.parsing:lib-parsing</include>
            </includes>
        </dependencySet>
    </dependencySets>
</assembly>
