{
  "Assembly": "asm",
  "Batchfile": "bat",
  "C": "c",
  "C#": "cs",
  "C++": "cpp",
  "Clojure": "clj",
  "CMake": "cmake",
  "COBOL": "cbl",
  "CoffeeScript": "coffee",
  "CSS": "css",
  "CSV": "csv",
  "Dart": "dart",
  "DM": "dm",
  "Dockerfile": "dockerfile",
  "Elixir": "ex",
  "Erlang": "erl",
  "Fortran": "f90",
  "Go": "go",
  "Groovy": "groovy",
  "Haskell": "hs",
  "HTML": "html",
  "INI": "ini",
  "Java": "java",
  "JavaScript": "js",
  "JSON": "json",
  "Julia": "jl",
  "Kotlin": "kt",
  "Lisp": "lisp",
  "Lua": "lua",
  "Makefile": "makefile",
  "Markdown": "md",
  "Matlab": "matlab",
  "Objective-C": "mm",
  "OCaml": "ml",
  "Pascal": "pas",
  "Perl": "pm",
  "PHP": "php",
  "PowerShell": "ps1",
  "Prolog": "prolog",
  "Python": "py",
  "R": "r",
  "Ruby": "rb",
  "Rust": "rs",
  "Scala": "scala",
  "Shell": "sh",
  "SQL": "sql",
  "Swift": "swift",
  "TeX": "tex",
  "TOML": "toml",
  "TypeScript": "ts",
  "Verilog": "v",
  "Visual Basic": "vba",
  "XML": "xml",
  "YAML": "yaml"
}
