<?xml version="1.0" encoding="UTF-8"?>
<assembly xmlns="http://maven.apache.org/ASSEMBLY/2.0.0"
	xmlns:xsi="http://www.w3.org/2001/XMLSchema-instance"
	xsi:schemaLocation="http://maven.apache.org/ASSEMBLY/2.0.0 http://maven.apache.org/xsd/assembly-2.0.0.xsd">
	<id>extension</id>
	<formats>
		<format>jar</format>
	</formats>
	<includeBaseDirectory>false</includeBaseDirectory>
	<dependencySets>
		<dependencySet>
			<outputDirectory>/</outputDirectory>
			<unpack>true</unpack>
		</dependencySet>
	</dependencySets>
	<fileSets>
		<fileSet>
			<outputDirectory>/</outputDirectory>
			<directory>${project.build.outputDirectory}</directory>
		</fileSet>
	</fileSets>
</assembly>