{
  "object": {
    "className": "innowake.mining.shared.model.datalineage.graph.DataFlowGraph",
    "nodes": [
      {
        "type": "MODULE",
        "id": 1,
        "name": "PROGA",
        "incomings": [],
        "outgoings": [],
        "parentModule": null,
        "children": [],
        "moduleId": 414,
        "dataInterfaces": [
          4,
          7
        ]
      },
      {
        "type": "DATA_INTERFACE",
        "id": 4,
        "name": "A-GROUP-FIELD",
        "incomings": [],
        "outgoings": [
          12
        ],
        "parentModule": 1,
        "children": []
      },
      {
        "type": "DATA_INTERFACE",
        "id": 7,
        "name": "A-GROUP-FIELD",
        "incomings": [],
        "outgoings": [
          11
        ],
        "parentModule": 1,
        "children": []
      },
      {
        "type": "MODULE",
        "id": 10,
        "name": "PROGB",
        "incomings": [],
        "outgoings": [],
        "parentModule": null,
        "children": [],
        "moduleId": 415,
        "dataInterfaces": [
          12,
          11
        ]
      },
      {
        "type": "DATA_INTERFACE",
        "id": 11,
        "name": "PARAMETER-FIELD",
        "incomings": [
          7
        ],
        "outgoings": [],
        "parentModule": 10,
        "children": []
      },
      {
        "type": "DATA_INTERFACE",
        "id": 12,
        "name": "PARAMETER-FIELD-2",
        "incomings": [
          4
        ],
        "outgoings": [],
        "parentModule": 10,
        "children": []
      }
    ]
  }
}