{
  "object": {
    "className": "innowake.mining.shared.model.datalineage.graph.DataFlowGraph",
    "nodes": [
      {
        "type": "MODULE",
        "id": 1,
        "name": "PROGA",
        "incomings": [],
        "outgoings": [],
        "parentModule": null,
        "children": [
          4,
          8,
          6
        ],
        "moduleId": 414,
        "dataInterfaces": [
          3,
          7
        ]
      },
      {
        "type": "DATA_INTERFACE",
        "id": 3,
        "name": "A-GROUP-FIELD",
        "incomings": [],
        "outgoings": [
          12
        ],
        "parentModule": 1,
        "children": []
      },
      {
        "type": "FIELD",
        "id": 4,
        "name": "A-GROUP-FIELD",
        "incomings": [
          4
        ],
        "outgoings": [
          4,
          6
        ],
        "parentModule": 1,
        "children": []
      },
      {
        "type": "FIELD",
        "id": 6,
        "name": "ANOTHER-GROUP-FIELD",
        "incomings": [
          4
        ],
        "outgoings": [],
        "parentModule": 1,
        "children": []
      },
      {
        "type": "DATA_INTERFACE",
        "id": 7,
        "name": "A-GROUP-FIELD",
        "incomings": [],
        "outgoings": [
          11
        ],
        "parentModule": 1,
        "children": []
      },
      {
        "type": "FIELD",
        "id": 8,
        "name": "PROGRAM-NAME",
        "incomings": [],
        "outgoings": [],
        "parentModule": 1,
        "children": []
      },
      {
        "type": "MODULE",
        "id": 10,
        "name": "PROGB",
        "incomings": [],
        "outgoings": [],
        "parentModule": null,
        "children": [
          16,
          19,
          13,
          15
        ],
        "moduleId": 415,
        "dataInterfaces": [
          12,
          11
        ]
      },
      {
        "type": "DATA_INTERFACE",
        "id": 11,
        "name": "PARAMETER-FIELD",
        "incomings": [
          7
        ],
        "outgoings": [
          13
        ],
        "parentModule": 10,
        "children": []
      },
      {
        "type": "DATA_INTERFACE",
        "id": 12,
        "name": "PARAMETER-FIELD-2",
        "incomings": [
          3
        ],
        "outgoings": [
          15
        ],
        "parentModule": 10,
        "children": []
      },
      {
        "type": "FIELD",
        "id": 13,
        "name": "PARAMETER-FIELD",
        "incomings": [
          13,
          11
        ],
        "outgoings": [
          16,
          13
        ],
        "parentModule": 10,
        "children": []
      },
      {
        "type": "FIELD",
        "id": 15,
        "name": "PARAMETER-FIELD-2",
        "incomings": [
          12
        ],
        "outgoings": [],
        "parentModule": 10,
        "children": []
      },
      {
        "type": "FIELD",
        "id": 16,
        "name": "WS-PARAMETER-FIELD",
        "incomings": [
          16,
          13,
          19
        ],
        "outgoings": [
          16,
          19
        ],
        "parentModule": 10,
        "children": []
      },
      {
        "type": "FIELD",
        "id": 19,
        "name": "WS-PARAMETER-FIELD-2",
        "incomings": [
          16
        ],
        "outgoings": [
          16
        ],
        "parentModule": 10,
        "children": []
      }
    ]
  }
}