{
  "object": {
    "className": "innowake.mining.shared.model.datalineage.graph.DataFlowGraph",
    "nodes": [
      {
        "type": "MODULE",
        "id": 1,
        "name": "MMRS71B1",
        "incomings": [],
        "outgoings": [],
        "parentModule": null,
        "children": [
          5,
          2,
          6
        ],
        "moduleId": 460,
        "dataInterfaces": [
          3,
          7
        ]
      },
      {
        "type": "STATEMENT",
        "id": 2,
        "name": "Call",
        "incomings": [
          8,
          5
        ],
        "outgoings": [
          8,
          3
        ],
        "parentModule": 1,
        "children": []
      },
      {
        "type": "DATA_INTERFACE",
        "id": 3,
        "name": "MMRS-COMMAREA",
        "incomings": [
          2
        ],
        "outgoings": [],
        "parentModule": 1,
        "children": []
      },
      {
        "type": "MODULE",
        "id": 4,
        "name": "MMRS710D",
        "incomings": [],
        "outgoings": [],
        "parentModule": null,
        "children": [
          8
        ],
        "moduleId": 442,
        "dataInterfaces": []
      },
      {
        "type": "FIELD",
        "id": 5,
        "name": "MMRS71D1",
        "incomings": [],
        "outgoings": [
          2,
          6
        ],
        "parentModule": 1,
        "children": []
      },
      {
        "type": "STATEMENT",
        "id": 6,
        "name": "Call",
        "incomings": [
          8,
          5
        ],
        "outgoings": [
          8,
          7
        ],
        "parentModule": 1,
        "children": []
      },
      {
        "type": "DATA_INTERFACE",
        "id": 7,
        "name": "MMRS71D1",
        "incomings": [
          6
        ],
        "outgoings": [],
        "parentModule": 1,
        "children": []
      },
      {
        "type": "FIELD",
        "id": 8,
        "name": "MMRS-COMMAREA",
        "incomings": [
          64,
          17,
          2,
          51,
          20,
          6,
          22,
          23,
          10,
          60,
          62,
          63
        ],
        "outgoings": [
          64,
          17,
          2,
          51,
          20,
          6,
          22,
          23,
          10,
          60,
          62,
          63
        ],
        "parentModule": 4,
        "children": []
      },
      {
        "type": "MODULE",
        "id": 9,
        "name": "MMRS71D1",
        "incomings": [],
        "outgoings": [],
        "parentModule": null,
        "children": [
          64,
          10,
          47,
          48,
          17,
          49,
          50,
          51,
          20,
          22,
          23,
          87,
          88,
          89,
          90,
          91,
          60,
          92,
          62,
          63
        ],
        "moduleId": 440,
        "dataInterfaces": [
          16,
          18,
          52,
          54,
          55,
          56,
          57,
          11,
          14,
          15
        ]
      },
      {
        "type": "STATEMENT",
        "id": 10,
        "name": "Call",
        "incomings": [
          8,
          49
        ],
        "outgoings": [
          8,
          11
        ],
        "parentModule": 9,
        "children": []
      },
      {
        "type": "DATA_INTERFACE",
        "id": 11,
        "name": "MMRS-COMMAREA",
        "incomings": [
          10
        ],
        "outgoings": [
          13
        ],
        "parentModule": 9,
        "children": []
      },
      {
        "type": "MODULE",
        "id": 12,
        "name": "MMRS71Z3",
        "incomings": [],
        "outgoings": [],
        "parentModule": null,
        "children": [
          65,
          66,
          67,
          68,
          69,
          70,
          71,
          72,
          73,
          74,
          75,
          76,
          77,
          78,
          79,
          80,
          81,
          82,
          19,
          83,
          84,
          85,
          86,
          24,
          25,
          26,
          27,
          28,
          29,
          30,
          31,
          32,
          33,
          34,
          35,
          36,
          37,
          38,
          39,
          40,
          41,
          42,
          43,
          44,
          45,
          46,
          58,
          61
        ],
        "moduleId": 433,
        "dataInterfaces": [
          59,
          21,
          53,
          13
        ]
      },
      {
        "type": "DATA_INTERFACE",
        "id": 13,
        "name": "MMRS-COMMAREA",
        "incomings": [
          19,
          11
        ],
        "outgoings": [
          16,
          18,
          19,
          14,
          15
        ],
        "parentModule": 12,
        "children": []
      },
      {
        "type": "DATA_INTERFACE",
        "id": 14,
        "name": "MMRS-COMMAREA",
        "incomings": [
          17,
          13
        ],
        "outgoings": [],
        "parentModule": 9,
        "children": []
      },
      {
        "type": "DATA_INTERFACE",
        "id": 15,
        "name": "MMRS-COMMAREA",
        "incomings": [
          20,
          13
        ],
        "outgoings": [],
        "parentModule": 9,
        "children": []
      },
      {
        "type": "DATA_INTERFACE",
        "id": 16,
        "name": "MMRS-COMMAREA",
        "incomings": [
          13,
          23
        ],
        "outgoings": [],
        "parentModule": 9,
        "children": []
      },
      {
        "type": "STATEMENT",
        "id": 17,
        "name": "Call",
        "incomings": [
          48,
          8
        ],
        "outgoings": [
          8,
          14
        ],
        "parentModule": 9,
        "children": []
      },
      {
        "type": "DATA_INTERFACE",
        "id": 18,
        "name": "MMRS-COMMAREA",
        "incomings": [
          13,
          22
        ],
        "outgoings": [
          21
        ],
        "parentModule": 9,
        "children": []
      },
      {
        "type": "FIELD",
        "id": 19,
        "name": "MMRS-COMMAREA",
        "incomings": [
          32,
          34,
          37,
          25,
          26,
          27,
          28,
          13,
          29,
          30,
          31
        ],
        "outgoings": [
          32,
          34,
          37,
          25,
          26,
          27,
          28,
          29,
          13,
          30,
          31
        ],
        "parentModule": 12,
        "children": []
      },
      {
        "type": "STATEMENT",
        "id": 20,
        "name": "Call",
        "incomings": [
          8,
          88
        ],
        "outgoings": [
          8,
          15
        ],
        "parentModule": 9,
        "children": []
      },
      {
        "type": "DATA_INTERFACE",
        "id": 21,
        "name": "MMRS-COMMAREA",
        "incomings": [
          24,
          18
        ],
        "outgoings": [
          24
        ],
        "parentModule": 12,
        "children": []
      },
      {
        "type": "STATEMENT",
        "id": 22,
        "name": "Call",
        "incomings": [
          8,
          50,
          47
        ],
        "outgoings": [
          8,
          18
        ],
        "parentModule": 9,
        "children": []
      },
      {
        "type": "STATEMENT",
        "id": 23,
        "name": "Call",
        "incomings": [
          8,
          87
        ],
        "outgoings": [
          16,
          8
        ],
        "parentModule": 9,
        "children": []
      },
      {
        "type": "FIELD",
        "id": 24,
        "name": "MMRS-COMMAREA",
        "incomings": [
          33,
          35,
          21,
          38,
          39,
          40,
          41,
          42,
          43,
          44,
          45
        ],
        "outgoings": [
          33,
          35,
          21,
          38,
          39,
          40,
          41,
          42,
          43,
          44,
          45
        ],
        "parentModule": 12,
        "children": []
      },
      {
        "type": "FIELD",
        "id": 25,
        "name": "MMRS-CLEAR-NO",
        "incomings": [
          32,
          34,
          19,
          37,
          26,
          27,
          28,
          29,
          30,
          31
        ],
        "outgoings": [
          32,
          34,
          19,
          37,
          26,
          27,
          28,
          29,
          30,
          31
        ],
        "parentModule": 12,
        "children": []
      },
      {
        "type": "FIELD",
        "id": 26,
        "name": "MMRS-COUNTER-Z3",
        "incomings": [
          32,
          34,
          19,
          36,
          37,
          25,
          27,
          28,
          29,
          30,
          31
        ],
        "outgoings": [
          32,
          34,
          19,
          37,
          25,
          27,
          28,
          29,
          30,
          31
        ],
        "parentModule": 12,
        "children": []
      },
      {
        "type": "FIELD",
        "id": 27,
        "name": "REDEFINES",
        "incomings": [
          32,
          34,
          19,
          37,
          25,
          26,
          28,
          29,
          30,
          31
        ],
        "outgoings": [
          32,
          34,
          19,
          37,
          25,
          26,
          28,
          29,
          30,
          31
        ],
        "parentModule": 12,
        "children": []
      },
      {
        "type": "FIELD",
        "id": 28,
        "name": "MMRS-LOGIN",
        "incomings": [
          32,
          34,
          19,
          37,
          25,
          26,
          27,
          29,
          30,
          31
        ],
        "outgoings": [
          32,
          34,
          19,
          37,
          25,
          26,
          27,
          29,
          30,
          31
        ],
        "parentModule": 12,
        "children": []
      },
      {
        "type": "FIELD",
        "id": 29,
        "name": "MMRS-CLEAR",
        "incomings": [
          32,
          34,
          19,
          37,
          25,
          26,
          27,
          28,
          30,
          31
        ],
        "outgoings": [
          32,
          34,
          19,
          37,
          25,
          26,
          27,
          28,
          30,
          31
        ],
        "parentModule": 12,
        "children": []
      },
      {
        "type": "FIELD",
        "id": 30,
        "name": "MMRS-COMMAREA-ALL",
        "incomings": [
          32,
          34,
          19,
          37,
          25,
          26,
          27,
          28,
          29,
          31
        ],
        "outgoings": [
          32,
          34,
          19,
          37,
          25,
          26,
          27,
          28,
          29,
          31
        ],
        "parentModule": 12,
        "children": []
      },
      {
        "type": "FIELD",
        "id": 31,
        "name": "MMRS-LOGIN-NOK",
        "incomings": [
          32,
          34,
          19,
          37,
          25,
          26,
          27,
          28,
          29,
          30
        ],
        "outgoings": [
          32,
          34,
          19,
          37,
          25,
          26,
          27,
          28,
          29,
          30
        ],
        "parentModule": 12,
        "children": []
      },
      {
        "type": "FIELD",
        "id": 32,
        "name": "MMRS-LOGIN-OK",
        "incomings": [
          34,
          19,
          37,
          25,
          26,
          27,
          28,
          29,
          30,
          31
        ],
        "outgoings": [
          34,
          19,
          37,
          25,
          26,
          27,
          28,
          29,
          30,
          31
        ],
        "parentModule": 12,
        "children": []
      },
      {
        "type": "FIELD",
        "id": 33,
        "name": "MMRS-LOGIN",
        "incomings": [
          35,
          38,
          39,
          24,
          40,
          41,
          42,
          43,
          44,
          45
        ],
        "outgoings": [
          35,
          38,
          39,
          24,
          40,
          41,
          42,
          43,
          44,
          45
        ],
        "parentModule": 12,
        "children": []
      },
      {
        "type": "FIELD",
        "id": 34,
        "name": "MMRS-COUNTER-D1",
        "incomings": [
          32,
          19,
          37,
          25,
          26,
          27,
          28,
          29,
          30,
          31
        ],
        "outgoings": [
          32,
          19,
          37,
          25,
          26,
          27,
          28,
          29,
          30,
          31
        ],
        "parentModule": 12,
        "children": []
      },
      {
        "type": "FIELD",
        "id": 35,
        "name": "MMRS-CLEAR-NO",
        "incomings": [
          33,
          38,
          39,
          24,
          40,
          41,
          42,
          43,
          44,
          45
        ],
        "outgoings": [
          33,
          38,
          39,
          40,
          24,
          41,
          42,
          43,
          44,
          45
        ],
        "parentModule": 12,
        "children": []
      },
      {
        "type": "STATEMENT",
        "id": 36,
        "name": "Move",
        "incomings": [
          46
        ],
        "outgoings": [
          26
        ],
        "parentModule": 12,
        "children": []
      },
      {
        "type": "FIELD",
        "id": 37,
        "name": "MMRS-CLEAR-YES",
        "incomings": [
          32,
          34,
          19,
          25,
          26,
          27,
          28,
          29,
          30,
          31
        ],
        "outgoings": [
          32,
          34,
          19,
          25,
          26,
          27,
          28,
          29,
          30,
          31
        ],
        "parentModule": 12,
        "children": []
      },
      {
        "type": "FIELD",
        "id": 38,
        "name": "MMRS-LOGIN-NOK",
        "incomings": [
          33,
          35,
          39,
          24,
          40,
          41,
          42,
          43,
          44,
          45
        ],
        "outgoings": [
          33,
          35,
          39,
          40,
          24,
          41,
          42,
          43,
          44,
          45
        ],
        "parentModule": 12,
        "children": []
      },
      {
        "type": "FIELD",
        "id": 39,
        "name": "MMRS-COUNTER-D1",
        "incomings": [
          33,
          35,
          38,
          24,
          40,
          41,
          42,
          43,
          44,
          45
        ],
        "outgoings": [
          33,
          35,
          38,
          40,
          24,
          41,
          42,
          43,
          44,
          45
        ],
        "parentModule": 12,
        "children": []
      },
      {
        "type": "FIELD",
        "id": 40,
        "name": "MMRS-COUNTER-Z3",
        "incomings": [
          33,
          35,
          38,
          39,
          24,
          41,
          42,
          43,
          44,
          45
        ],
        "outgoings": [
          33,
          35,
          38,
          39,
          24,
          41,
          42,
          43,
          44,
          45
        ],
        "parentModule": 12,
        "children": []
      },
      {
        "type": "FIELD",
        "id": 41,
        "name": "MMRS-CLEAR",
        "incomings": [
          33,
          35,
          38,
          39,
          24,
          40,
          42,
          43,
          44,
          45
        ],
        "outgoings": [
          33,
          35,
          38,
          39,
          40,
          24,
          42,
          43,
          44,
          45
        ],
        "parentModule": 12,
        "children": []
      },
      {
        "type": "FIELD",
        "id": 42,
        "name": "MMRS-CLEAR-YES",
        "incomings": [
          33,
          35,
          38,
          39,
          24,
          40,
          41,
          43,
          44,
          45
        ],
        "outgoings": [
          33,
          35,
          38,
          39,
          40,
          24,
          41,
          43,
          44,
          45
        ],
        "parentModule": 12,
        "children": []
      },
      {
        "type": "FIELD",
        "id": 43,
        "name": "MMRS-COMMAREA-ALL",
        "incomings": [
          33,
          35,
          38,
          39,
          24,
          40,
          41,
          42,
          44,
          45
        ],
        "outgoings": [
          33,
          35,
          38,
          39,
          40,
          24,
          41,
          42,
          44,
          45
        ],
        "parentModule": 12,
        "children": []
      },
      {
        "type": "FIELD",
        "id": 44,
        "name": "REDEFINES",
        "incomings": [
          33,
          35,
          38,
          39,
          40,
          24,
          41,
          42,
          43,
          45
        ],
        "outgoings": [
          33,
          35,
          38,
          39,
          40,
          24,
          41,
          42,
          43,
          45
        ],
        "parentModule": 12,
        "children": []
      },
      {
        "type": "FIELD",
        "id": 45,
        "name": "MMRS-LOGIN-OK",
        "incomings": [
          33,
          35,
          38,
          39,
          24,
          40,
          41,
          42,
          43,
          44
        ],
        "outgoings": [
          33,
          35,
          38,
          39,
          40,
          24,
          41,
          42,
          43,
          44
        ],
        "parentModule": 12,
        "children": []
      },
      {
        "type": "FIELD",
        "id": 46,
        "name": "MY-COUNTER",
        "incomings": [],
        "outgoings": [
          36
        ],
        "parentModule": 12,
        "children": []
      },
      {
        "type": "FIELD",
        "id": 47,
        "name": "MMRS71Z3",
        "incomings": [],
        "outgoings": [
          22
        ],
        "parentModule": 9,
        "children": []
      },
      {
        "type": "FIELD",
        "id": 48,
        "name": "MMRS71Z3",
        "incomings": [],
        "outgoings": [
          17
        ],
        "parentModule": 9,
        "children": []
      },
      {
        "type": "FIELD",
        "id": 49,
        "name": "MMRS71Z3",
        "incomings": [],
        "outgoings": [
          10
        ],
        "parentModule": 9,
        "children": []
      },
      {
        "type": "FIELD",
        "id": 50,
        "name": "MMRS71Z3",
        "incomings": [],
        "outgoings": [
          60,
          22,
          51
        ],
        "parentModule": 9,
        "children": []
      },
      {
        "type": "STATEMENT",
        "id": 51,
        "name": "Call",
        "incomings": [
          8,
          50
        ],
        "outgoings": [
          52,
          8
        ],
        "parentModule": 9,
        "children": []
      },
      {
        "type": "DATA_INTERFACE",
        "id": 52,
        "name": "MMRS-COMMAREA",
        "incomings": [
          51
        ],
        "outgoings": [
          53
        ],
        "parentModule": 9,
        "children": []
      },
      {
        "type": "DATA_INTERFACE",
        "id": 53,
        "name": "MMRS-COMMAREA",
        "incomings": [
          52,
          58
        ],
        "outgoings": [
          56,
          57,
          58,
          54,
          55
        ],
        "parentModule": 12,
        "children": []
      },
      {
        "type": "DATA_INTERFACE",
        "id": 54,
        "name": "MMRS-COMMAREA",
        "incomings": [
          53,
          63
        ],
        "outgoings": [],
        "parentModule": 9,
        "children": []
      },
      {
        "type": "DATA_INTERFACE",
        "id": 55,
        "name": "MMRS-COMMAREA",
        "incomings": [
          60,
          53
        ],
        "outgoings": [
          59
        ],
        "parentModule": 9,
        "children": []
      },
      {
        "type": "DATA_INTERFACE",
        "id": 56,
        "name": "MMRS-COMMAREA",
        "incomings": [
          64,
          53
        ],
        "outgoings": [],
        "parentModule": 9,
        "children": []
      },
      {
        "type": "DATA_INTERFACE",
        "id": 57,
        "name": "MMRS-COMMAREA",
        "incomings": [
          53,
          62
        ],
        "outgoings": [],
        "parentModule": 9,
        "children": []
      },
      {
        "type": "FIELD",
        "id": 58,
        "name": "MMRS-COMMAREA",
        "incomings": [
          66,
          82,
          67,
          68,
          84,
          53,
          70,
          72,
          74,
          75,
          78
        ],
        "outgoings": [
          66,
          82,
          67,
          68,
          84,
          53,
          70,
          72,
          74,
          75,
          78
        ],
        "parentModule": 12,
        "children": []
      },
      {
        "type": "DATA_INTERFACE",
        "id": 59,
        "name": "MMRS-COMMAREA",
        "incomings": [
          61,
          55
        ],
        "outgoings": [
          61
        ],
        "parentModule": 12,
        "children": []
      },
      {
        "type": "STATEMENT",
        "id": 60,
        "name": "Call",
        "incomings": [
          8,
          89,
          50
        ],
        "outgoings": [
          8,
          55
        ],
        "parentModule": 9,
        "children": []
      },
      {
        "type": "FIELD",
        "id": 61,
        "name": "MMRS-COMMAREA",
        "incomings": [
          80,
          65,
          81,
          83,
          69,
          71,
          73,
          59,
          76,
          77,
          79
        ],
        "outgoings": [
          80,
          65,
          81,
          83,
          69,
          71,
          73,
          59,
          76,
          77,
          79
        ],
        "parentModule": 12,
        "children": []
      },
      {
        "type": "STATEMENT",
        "id": 62,
        "name": "Call",
        "incomings": [
          8,
          90
        ],
        "outgoings": [
          8,
          57
        ],
        "parentModule": 9,
        "children": []
      },
      {
        "type": "STATEMENT",
        "id": 63,
        "name": "Call",
        "incomings": [
          8,
          91
        ],
        "outgoings": [
          8,
          54
        ],
        "parentModule": 9,
        "children": []
      },
      {
        "type": "STATEMENT",
        "id": 64,
        "name": "Call",
        "incomings": [
          8,
          92
        ],
        "outgoings": [
          8,
          56
        ],
        "parentModule": 9,
        "children": []
      },
      {
        "type": "FIELD",
        "id": 65,
        "name": "MMRS-LOGIN",
        "incomings": [
          80,
          81,
          83,
          69,
          71,
          73,
          76,
          61,
          77,
          79
        ],
        "outgoings": [
          80,
          81,
          83,
          69,
          71,
          73,
          76,
          61,
          77,
          79
        ],
        "parentModule": 12,
        "children": []
      },
      {
        "type": "FIELD",
        "id": 66,
        "name": "MMRS-COUNTER-Z3",
        "incomings": [
          82,
          67,
          68,
          84,
          85,
          70,
          72,
          74,
          58,
          75,
          78
        ],
        "outgoings": [
          82,
          67,
          68,
          84,
          70,
          72,
          74,
          58,
          75,
          78
        ],
        "parentModule": 12,
        "children": []
      },
      {
        "type": "FIELD",
        "id": 67,
        "name": "MMRS-CLEAR",
        "incomings": [
          66,
          82,
          68,
          84,
          70,
          72,
          74,
          58,
          75,
          78
        ],
        "outgoings": [
          66,
          82,
          68,
          84,
          70,
          72,
          58,
          74,
          75,
          78
        ],
        "parentModule": 12,
        "children": []
      },
      {
        "type": "FIELD",
        "id": 68,
        "name": "MMRS-CLEAR-NO",
        "incomings": [
          66,
          82,
          67,
          84,
          70,
          72,
          74,
          58,
          75,
          78
        ],
        "outgoings": [
          66,
          82,
          67,
          84,
          70,
          72,
          74,
          58,
          75,
          78
        ],
        "parentModule": 12,
        "children": []
      },
      {
        "type": "FIELD",
        "id": 69,
        "name": "MMRS-COUNTER-Z3",
        "incomings": [
          80,
          65,
          81,
          83,
          71,
          73,
          76,
          61,
          77,
          79
        ],
        "outgoings": [
          80,
          65,
          81,
          83,
          71,
          73,
          76,
          61,
          77,
          79
        ],
        "parentModule": 12,
        "children": []
      },
      {
        "type": "FIELD",
        "id": 70,
        "name": "MMRS-LOGIN",
        "incomings": [
          66,
          82,
          67,
          68,
          84,
          72,
          74,
          58,
          75,
          78
        ],
        "outgoings": [
          66,
          82,
          67,
          68,
          84,
          72,
          74,
          58,
          75,
          78
        ],
        "parentModule": 12,
        "children": []
      },
      {
        "type": "FIELD",
        "id": 71,
        "name": "MMRS-COMMAREA-ALL",
        "incomings": [
          80,
          65,
          81,
          83,
          69,
          73,
          76,
          61,
          77,
          79
        ],
        "outgoings": [
          80,
          65,
          81,
          83,
          69,
          73,
          76,
          61,
          77,
          79
        ],
        "parentModule": 12,
        "children": []
      },
      {
        "type": "FIELD",
        "id": 72,
        "name": "MMRS-COUNTER-D1",
        "incomings": [
          66,
          82,
          67,
          68,
          84,
          70,
          58,
          74,
          75,
          78
        ],
        "outgoings": [
          66,
          82,
          67,
          68,
          84,
          70,
          74,
          58,
          75,
          78
        ],
        "parentModule": 12,
        "children": []
      },
      {
        "type": "FIELD",
        "id": 73,
        "name": "MMRS-COUNTER-D1",
        "incomings": [
          80,
          81,
          65,
          83,
          69,
          71,
          76,
          77,
          61,
          79
        ],
        "outgoings": [
          80,
          81,
          65,
          83,
          69,
          71,
          76,
          77,
          61,
          79
        ],
        "parentModule": 12,
        "children": []
      },
      {
        "type": "FIELD",
        "id": 74,
        "name": "MMRS-COMMAREA-ALL",
        "incomings": [
          66,
          82,
          67,
          68,
          84,
          70,
          72,
          58,
          75,
          78
        ],
        "outgoings": [
          66,
          82,
          67,
          68,
          84,
          70,
          72,
          58,
          75,
          78
        ],
        "parentModule": 12,
        "children": []
      },
      {
        "type": "FIELD",
        "id": 75,
        "name": "MMRS-CLEAR-YES",
        "incomings": [
          66,
          82,
          67,
          68,
          84,
          70,
          72,
          58,
          74,
          78
        ],
        "outgoings": [
          66,
          82,
          67,
          68,
          84,
          70,
          72,
          74,
          58,
          78
        ],
        "parentModule": 12,
        "children": []
      },
      {
        "type": "FIELD",
        "id": 76,
        "name": "MMRS-CLEAR",
        "incomings": [
          80,
          81,
          65,
          83,
          69,
          71,
          73,
          61,
          77,
          79
        ],
        "outgoings": [
          80,
          65,
          81,
          83,
          69,
          71,
          73,
          61,
          77,
          79
        ],
        "parentModule": 12,
        "children": []
      },
      {
        "type": "FIELD",
        "id": 77,
        "name": "MMRS-CLEAR-YES",
        "incomings": [
          80,
          81,
          65,
          83,
          69,
          71,
          73,
          76,
          61,
          79
        ],
        "outgoings": [
          80,
          65,
          81,
          83,
          69,
          71,
          73,
          76,
          61,
          79
        ],
        "parentModule": 12,
        "children": []
      },
      {
        "type": "FIELD",
        "id": 78,
        "name": "MMRS-LOGIN-OK",
        "incomings": [
          66,
          82,
          67,
          68,
          84,
          70,
          72,
          58,
          74,
          75
        ],
        "outgoings": [
          66,
          82,
          67,
          68,
          84,
          70,
          72,
          74,
          58,
          75
        ],
        "parentModule": 12,
        "children": []
      },
      {
        "type": "FIELD",
        "id": 79,
        "name": "MMRS-LOGIN-NOK",
        "incomings": [
          80,
          81,
          65,
          83,
          69,
          71,
          73,
          76,
          61,
          77
        ],
        "outgoings": [
          80,
          65,
          81,
          83,
          69,
          71,
          73,
          76,
          77,
          61
        ],
        "parentModule": 12,
        "children": []
      },
      {
        "type": "FIELD",
        "id": 80,
        "name": "MMRS-LOGIN-OK",
        "incomings": [
          81,
          65,
          83,
          69,
          71,
          73,
          76,
          61,
          77,
          79
        ],
        "outgoings": [
          65,
          81,
          83,
          69,
          71,
          73,
          76,
          77,
          61,
          79
        ],
        "parentModule": 12,
        "children": []
      },
      {
        "type": "FIELD",
        "id": 81,
        "name": "REDEFINES",
        "incomings": [
          80,
          65,
          83,
          69,
          71,
          73,
          76,
          61,
          77,
          79
        ],
        "outgoings": [
          80,
          65,
          83,
          69,
          71,
          73,
          76,
          77,
          61,
          79
        ],
        "parentModule": 12,
        "children": []
      },
      {
        "type": "FIELD",
        "id": 82,
        "name": "MMRS-LOGIN-NOK",
        "incomings": [
          66,
          67,
          68,
          84,
          70,
          72,
          58,
          74,
          75,
          78
        ],
        "outgoings": [
          66,
          67,
          68,
          84,
          70,
          72,
          74,
          58,
          75,
          78
        ],
        "parentModule": 12,
        "children": []
      },
      {
        "type": "FIELD",
        "id": 83,
        "name": "MMRS-CLEAR-NO",
        "incomings": [
          80,
          65,
          81,
          69,
          71,
          73,
          76,
          61,
          77,
          79
        ],
        "outgoings": [
          80,
          81,
          65,
          69,
          71,
          73,
          76,
          77,
          61,
          79
        ],
        "parentModule": 12,
        "children": []
      },
      {
        "type": "FIELD",
        "id": 84,
        "name": "REDEFINES",
        "incomings": [
          66,
          82,
          67,
          68,
          70,
          72,
          58,
          74,
          75,
          78
        ],
        "outgoings": [
          66,
          82,
          67,
          68,
          70,
          72,
          74,
          58,
          75,
          78
        ],
        "parentModule": 12,
        "children": []
      },
      {
        "type": "STATEMENT",
        "id": 85,
        "name": "Move",
        "incomings": [
          86
        ],
        "outgoings": [
          66
        ],
        "parentModule": 12,
        "children": []
      },
      {
        "type": "FIELD",
        "id": 86,
        "name": "MY-COUNTER",
        "incomings": [],
        "outgoings": [
          85
        ],
        "parentModule": 12,
        "children": []
      },
      {
        "type": "FIELD",
        "id": 87,
        "name": "MMRS71Z3",
        "incomings": [],
        "outgoings": [
          23
        ],
        "parentModule": 9,
        "children": []
      },
      {
        "type": "FIELD",
        "id": 88,
        "name": "MMRS71Z3",
        "incomings": [],
        "outgoings": [
          20
        ],
        "parentModule": 9,
        "children": []
      },
      {
        "type": "FIELD",
        "id": 89,
        "name": "MMRS71Z3",
        "incomings": [],
        "outgoings": [
          60
        ],
        "parentModule": 9,
        "children": []
      },
      {
        "type": "FIELD",
        "id": 90,
        "name": "MMRS71Z3",
        "incomings": [],
        "outgoings": [
          62
        ],
        "parentModule": 9,
        "children": []
      },
      {
        "type": "FIELD",
        "id": 91,
        "name": "MMRS71Z3",
        "incomings": [],
        "outgoings": [
          63
        ],
        "parentModule": 9,
        "children": []
      },
      {
        "type": "FIELD",
        "id": 92,
        "name": "MMRS71Z3",
        "incomings": [],
        "outgoings": [
          64
        ],
        "parentModule": 9,
        "children": []
      }
    ]
  }
}