{
  "object": {
    "className": "innowake.mining.shared.model.datalineage.graph.DataFlowGraph",
    "nodes": [
      {
        "type": "MODULE",
        "id": 1,
        "name": "MMRS71B1",
        "incomings": [],
        "outgoings": [],
        "parentModule": null,
        "children": [
          5
        ],
        "moduleId": 460,
        "dataInterfaces": [
          3
        ]
      },
      {
        "type": "DATA_INTERFACE",
        "id": 3,
        "name": "MMRS-COMMAREA",
        "incomings": [],
        "outgoings": [],
        "parentModule": 1,
        "children": []
      },
      {
        "type": "MODULE",
        "id": 4,
        "name": "MMRS710D",
        "incomings": [],
        "outgoings": [],
        "parentModule": null,
        "children": [
          6
        ],
        "moduleId": 442,
        "dataInterfaces": []
      },
      {
        "type": "FIELD",
        "id": 5,
        "name": "MMRS71D1",
        "incomings": [],
        "outgoings": [],
        "parentModule": 1,
        "children": []
      },
      {
        "type": "FIELD",
        "id": 6,
        "name": "MMRS-COMMAREA",
        "incomings": [],
        "outgoings": [],
        "parentModule": 4,
        "children": []
      }
    ]
  }
}